"USER","PID","%CPU","%MEM","VSZ","RSS","TTY","STAT","START","TIME","COMMAND"
"root","1","0.0","0.1","23892","14592","?","Ss","мар17","0:55","/sbin/init splash"
"root","2","0.0","0.0","0","0","?","S","мар17","0:00","[kthreadd]"
"root","3","0.0","0.0","0","0","?","S","мар17","0:00","[pool_workqueue_release]"
"root","4","0.0","0.0","0","0","?","I<","мар17","0:00","[kworker/R-rcu_gp]"
"root","5","0.0","0.0","0","0","?","I<","мар17","0:00","[kworker/R-sync_wq]"
"root","6","0.0","0.0","0","0","?","I<","мар17","0:00","[kworker/R-kvfree_rcu_reclaim]"
"root","7","0.0","0.0","0","0","?","I<","мар17","0:00","[kworker/R-slub_flushwq]"
"root","8","0.0","0.0","0","0","?","I<","мар17","0:00","[kworker/R-netns]"
"root","11","0.0","0.0","0","0","?","I<","мар17","0:00","[kworker/0:0H-events_highpri]"
"root","14","0.0","0.0","0","0","?","I<","мар17","0:00","[kworker/R-mm_percpu_wq]"
"root","15","0.0","0.0","0","0","?","S","мар17","0:00","[ksoftirqd/0]"
"root","16","0.0","0.0","0","0","?","I","мар17","0:30","[rcu_preempt]"
"root","17","0.0","0.0","0","0","?","S","мар17","0:00","[rcub/0]"
"root","18","0.0","0.0","0","0","?","S","мар17","0:00","[rcu_exp_par_gp_kthread_worker/0]"
"root","19","0.0","0.0","0","0","?","S","мар17","0:01","[rcu_exp_gp_kthread_worker]"
"root","20","0.0","0.0","0","0","?","S","мар17","0:00","[migration/0]"
"root","21","0.0","0.0","0","0","?","S","мар17","0:00","[idle_inject/0]"
"root","22","0.0","0.0","0","0","?","S","мар17","0:00","[cpuhp/0]"
"root","23","0.0","0.0","0","0","?","S","мар17","0:00","[cpuhp/2]"
"root","24","0.0","0.0","0","0","?","S","мар17","0:00","[idle_inject/2]"
"root","25","0.0","0.0","0","0","?","S","мар17","0:00","[migration/2]"
"root","26","0.0","0.0","0","0","?","S","мар17","0:00","[ksoftirqd/2]"
"root","28","0.0","0.0","0","0","?","I<","мар17","0:00","[kworker/2:0H-events_highpri]"
"root","29","0.0","0.0","0","0","?","S","мар17","0:00","[cpuhp/4]"
"root","30","0.0","0.0","0","0","?","S","мар17","0:00","[idle_inject/4]"
"root","31","0.0","0.0","0","0","?","S","мар17","0:00","[migration/4]"
"root","32","0.0","0.0","0","0","?","S","мар17","0:00","[ksoftirqd/4]"
"root","34","0.0","0.0","0","0","?","I<","мар17","0:00","[kworker/4:0H-events_highpri]"
"root","35","0.0","0.0","0","0","?","S","мар17","0:00","[cpuhp/6]"
"root","36","0.0","0.0","0","0","?","S","мар17","0:00","[idle_inject/6]"
"root","37","0.0","0.0","0","0","?","S","мар17","0:00","[migration/6]"
"root","38","0.0","0.0","0","0","?","S","мар17","0:00","[ksoftirqd/6]"
"root","40","0.0","0.0","0","0","?","I<","мар17","0:00","[kworker/6:0H-events_highpri]"
"root","41","0.0","0.0","0","0","?","S","мар17","0:00","[cpuhp/1]"
"root","42","0.0","0.0","0","0","?","S","мар17","0:00","[idle_inject/1]"
"root","43","0.0","0.0","0","0","?","S","мар17","0:00","[migration/1]"
"root","44","0.0","0.0","0","0","?","S","мар17","0:00","[ksoftirqd/1]"
"root","46","0.0","0.0","0","0","?","I<","мар17","0:00","[kworker/1:0H-events_highpri]"
"root","47","0.0","0.0","0","0","?","S","мар17","0:00","[cpuhp/3]"
"root","48","0.0","0.0","0","0","?","S","мар17","0:00","[idle_inject/3]"
"root","49","0.0","0.0","0","0","?","S","мар17","0:00","[migration/3]"
"root","50","0.0","0.0","0","0","?","S","мар17","0:00","[ksoftirqd/3]"
"root","52","0.0","0.0","0","0","?","I<","мар17","0:00","[kworker/3:0H-events_highpri]"
"root","53","0.0","0.0","0","0","?","S","мар17","0:00","[cpuhp/5]"
"root","54","0.0","0.0","0","0","?","S","мар17","0:00","[idle_inject/5]"
"root","55","0.0","0.0","0","0","?","S","мар17","0:00","[migration/5]"
"root","56","0.0","0.0","0","0","?","S","мар17","0:00","[ksoftirqd/5]"
"root","58","0.0","0.0","0","0","?","I<","мар17","0:00","[kworker/5:0H-events_highpri]"
"root","59","0.0","0.0","0","0","?","S","мар17","0:00","[cpuhp/7]"
"root","60","0.0","0.0","0","0","?","S","мар17","0:00","[idle_inject/7]"
"root","61","0.0","0.0","0","0","?","S","мар17","0:00","[migration/7]"
"root","62","0.0","0.0","0","0","?","S","мар17","0:00","[ksoftirqd/7]"
"root","64","0.0","0.0","0","0","?","I<","мар17","0:00","[kworker/7:0H-events_highpri]"
"root","65","0.0","0.0","0","0","?","S","мар17","0:00","[kdevtmpfs]"
"root","66","0.0","0.0","0","0","?","I<","мар17","0:00","[kworker/R-inet_frag_wq]"
"root","67","0.0","0.0","0","0","?","I","мар17","0:00","[rcu_tasks_kthread]"
"root","68","0.0","0.0","0","0","?","I","мар17","0:00","[rcu_tasks_rude_kthread]"
"root","69","0.0","0.0","0","0","?","I","мар17","0:00","[rcu_tasks_trace_kthread]"
"root","70","0.0","0.0","0","0","?","S","мар17","0:00","[kauditd]"
"root","71","0.0","0.0","0","0","?","S","мар17","0:00","[khungtaskd]"
"root","72","0.0","0.0","0","0","?","S","мар17","0:00","[oom_reaper]"
"root","74","0.0","0.0","0","0","?","I<","мар17","0:00","[kworker/R-writeback]"
"root","75","0.0","0.0","0","0","?","S","мар17","0:14","[kcompactd0]"
"root","76","0.0","0.0","0","0","?","SN","мар17","0:00","[ksmd]"
"root","77","0.0","0.0","0","0","?","SN","мар17","0:04","[khugepaged]"
"root","78","0.0","0.0","0","0","?","I<","мар17","0:00","[kworker/R-kblockd]"
"root","79","0.0","0.0","0","0","?","I<","мар17","0:00","[kworker/R-blkcg_punt_bio]"
"root","80","0.0","0.0","0","0","?","I<","мар17","0:00","[kworker/R-kintegrityd]"
"root","81","0.0","0.0","0","0","?","S","мар17","0:00","[irq/9-acpi]"
"root","83","0.0","0.0","0","0","?","I<","мар17","0:00","[kworker/R-tpm_dev_wq]"
"root","84","0.0","0.0","0","0","?","I<","мар17","0:00","[kworker/R-ata_sff]"
"root","85","0.0","0.0","0","0","?","I<","мар17","0:00","[kworker/R-edac-poller]"
"root","86","0.0","0.0","0","0","?","I<","мар17","0:00","[kworker/R-devfreq_wq]"
"root","87","0.0","0.0","0","0","?","S","мар17","0:00","[watchdogd]"
"root","88","0.0","0.0","0","0","?","I<","мар17","0:00","[kworker/R-quota_events_unbound]"
"root","89","0.0","0.0","0","0","?","I<","мар17","0:00","[kworker/0:1H-kblockd]"
"root","90","0.0","0.0","0","0","?","S","мар17","0:00","[irq/25-AMD-Vi]"
"root","92","0.0","0.0","0","0","?","S","мар17","0:04","[kswapd0]"
"root","93","0.0","0.0","0","0","?","I<","мар17","0:00","[kworker/R-kthrotld]"
"root","95","0.0","0.0","0","0","?","S","мар17","0:00","[irq/26-aerdrv]"
"root","96","0.0","0.0","0","0","?","S","мар17","0:00","[irq/26-pciehp]"
"root","97","0.0","0.0","0","0","?","S","мар17","0:00","[irq/27-aerdrv]"
"root","98","0.0","0.0","0","0","?","S","мар17","0:00","[irq/29-aerdrv]"
"root","99","0.0","0.0","0","0","?","I<","мар17","0:00","[kworker/R-acpi_thermal_pm]"
"root","103","0.0","0.0","0","0","?","S","мар17","0:00","[scsi_eh_0]"
"root","104","0.0","0.0","0","0","?","I<","мар17","0:00","[kworker/R-scsi_tmf_0]"
"root","105","0.0","0.0","0","0","?","I<","мар17","0:00","[kworker/R-mld]"
"root","106","0.0","0.0","0","0","?","I<","мар17","0:00","[kworker/R-ipv6_addrconf]"
"root","107","0.0","0.0","0","0","?","I<","мар17","0:00","[kworker/R-kstrp]"
"root","113","0.0","0.0","0","0","?","I<","мар17","0:00","[kworker/R-zswap-shrink]"
"root","114","0.0","0.0","0","0","?","I<","мар17","0:00","[kworker/2:1H-kblockd]"
"root","161","0.0","0.0","0","0","?","I<","мар17","0:00","[kworker/7:1H-kblockd]"
"root","162","0.0","0.0","0","0","?","I<","мар17","0:00","[kworker/4:1H-kblockd]"
"root","163","0.0","0.0","0","0","?","I<","мар17","0:00","[kworker/5:1H-kblockd]"
"root","164","0.0","0.0","0","0","?","I<","мар17","0:00","[kworker/3:1H-kblockd]"
"root","165","0.0","0.0","0","0","?","I<","мар17","0:01","[kworker/6:1H-kblockd]"
"root","195","0.0","0.0","0","0","?","I<","мар17","0:00","[kworker/1:1H-kblockd]"
"root","200","0.0","0.0","0","0","?","I<","мар17","0:00","[kworker/R-nvme-wq]"
"root","201","0.0","0.0","0","0","?","I<","мар17","0:00","[kworker/R-nvme-reset-wq]"
"root","202","0.0","0.0","0","0","?","I<","мар17","0:00","[kworker/R-nvme-delete-wq]"
"root","203","0.0","0.0","0","0","?","I<","мар17","0:00","[kworker/R-nvme-auth-wq]"
"root","205","0.0","0.0","0","0","?","I<","мар17","0:00","[kworker/R-amdgpu-reset-dev]"
"root","206","0.0","0.0","0","0","?","I<","мар17","0:00","[kworker/R-ttm]"
"root","207","0.0","0.0","0","0","?","I<","мар17","0:00","[kworker/R-amdgpu_dm_hpd_rx_offload_wq]"
"root","208","0.0","0.0","0","0","?","I<","мар17","0:00","[kworker/R-amdgpu_dm_hpd_rx_offload_wq]"
"root","209","0.0","0.0","0","0","?","I<","мар17","0:00","[kworker/R-dm_vblank_control_workqueue]"
"root","210","0.0","0.0","0","0","?","S","мар17","0:00","[card1-crtc0]"
"root","211","0.0","0.0","0","0","?","S","мар17","0:00","[card1-crtc1]"
"root","212","0.0","0.0","0","0","?","S","мар17","0:00","[card1-crtc2]"
"root","213","0.0","0.0","0","0","?","S","мар17","0:00","[card1-crtc3]"
"root","214","0.0","0.0","0","0","?","I<","мар17","0:00","[kworker/R-gfx]"
"root","215","0.0","0.0","0","0","?","I<","мар17","0:00","[kworker/R-comp_1.0.0]"
"root","216","0.0","0.0","0","0","?","I<","мар17","0:00","[kworker/R-comp_1.1.0]"
"root","217","0.0","0.0","0","0","?","I<","мар17","0:00","[kworker/R-comp_1.2.0]"
"root","218","0.0","0.0","0","0","?","I<","мар17","0:00","[kworker/R-comp_1.3.0]"
"root","219","0.0","0.0","0","0","?","I<","мар17","0:00","[kworker/R-comp_1.0.1]"
"root","220","0.0","0.0","0","0","?","I<","мар17","0:00","[kworker/R-comp_1.1.1]"
"root","221","0.0","0.0","0","0","?","I<","мар17","0:00","[kworker/R-comp_1.2.1]"
"root","222","0.0","0.0","0","0","?","I<","мар17","0:00","[kworker/R-comp_1.3.1]"
"root","223","0.0","0.0","0","0","?","I<","мар17","0:00","[kworker/R-sdma0]"
"root","224","0.0","0.0","0","0","?","I<","мар17","0:00","[kworker/R-vcn_dec]"
"root","225","0.0","0.0","0","0","?","I<","мар17","0:00","[kworker/R-vcn_enc0]"
"root","226","0.0","0.0","0","0","?","I<","мар17","0:00","[kworker/R-vcn_enc1]"
"root","227","0.0","0.0","0","0","?","I<","мар17","0:00","[kworker/R-jpeg_dec]"
"root","299","0.0","0.0","0","0","?","S","мар17","0:05","[jbd2/nvme0n1p2-8]"
"root","300","0.0","0.0","0","0","?","I<","мар17","0:00","[kworker/R-ext4-rsv-conversion]"
"root","342","0.0","0.0","0","0","?","S","мар17","0:00","[psimon]"
"root","351","0.0","0.2","74316","28928","?","Ss","мар17","0:14","/usr/lib/systemd/systemd-journald"
"root","371","0.0","0.0","14976","5512","?","Ss","мар17","0:00","/usr/lib/systemd/systemd-userdbd"
"root","389","0.0","0.0","0","0","?","S","мар17","0:00","[psimon]"
"systemd+","392","0.0","0.0","89612","7092","?","Ssl","мар17","0:00","/usr/lib/systemd/systemd-timesyncd"
"root","396","0.0","0.0","0","0","?","S","мар17","0:00","[ccp-1-q2]"
"root","397","0.0","0.0","0","0","?","S","мар17","0:00","[ccp-1-q3]"
"root","398","0.0","0.0","0","0","?","S","мар17","0:00","[ccp-1-q4]"
"root","399","0.0","0.0","0","0","?","S","мар17","0:00","[hwrng]"
"root","400","0.0","0.0","38560","11736","?","Ss","мар17","0:44","/usr/lib/systemd/systemd-udevd"
"root","404","0.0","0.0","0","0","?","I<","мар17","0:00","[kworker/R-iprt-VBoxWQueue]"
"root","406","0.0","0.0","0","0","?","S","мар17","0:00","[psimon]"
"root","408","0.0","0.0","0","0","?","S","мар17","0:00","[iprt-VBoxTscThread]"
"systemd+","452","0.0","0.1","22116","14400","?","Ss","мар17","0:50","/usr/lib/systemd/systemd-resolved"
"root","480","0.0","0.0","0","0","?","S","мар17","0:00","[irq/62-ELAN1200:00]"
"root","558","0.0","0.0","0","0","?","I<","мар17","0:00","[kworker/R-cfg80211]"
"root","564","0.0","0.0","0","0","?","I<","мар17","0:00","[kworker/R-led_workqueue]"
"root","569","0.0","0.0","0","0","?","S","мар17","0:06","[irq/65-iwlwifi]"
"dbus","595","0.0","0.0","8792","4448","?","Ss","мар17","0:00","/usr/bin/dbus-broker-launch --scope system --audit"
"dbus","596","0.0","0.0","10596","6996","?","S","мар17","0:30","dbus-broker --log 10 --controller 9 --machine-id 929c59d431654e5896aba971735a27f0 --max-bytes 536870912 --max-fds 4096 --max-matches 131072 --audit"
"root","597","0.0","0.1","566896","27024","?","Ssl","мар17","0:52","/usr/bin/NetworkManager --no-daemon"
"avahi","599","0.0","0.0","6856","4544","?","Ss","мар17","0:07","avahi-daemon: running [Justiks-15.local]"
"root","600","0.0","0.0","10496","6068","?","Ss","мар17","0:00","/usr/lib/bluetooth/bluetoothd"
"polkitd","603","0.0","0.0","309248","11144","?","Ssl","мар17","0:04","/usr/lib/polkit-1/polkitd --no-debug --log-level=notice"
"root","604","0.0","0.0","16248","8516","?","Ss","мар17","0:03","/usr/lib/systemd/systemd-logind"
"root","605","0.0","0.2","127112","35932","?","Ssl","мар17","0:00","python3 /usr/bin/waydroid container start"
"avahi","621","0.0","0.0","6708","1600","?","S","мар17","0:00","avahi-daemon: chroot helper"
"root","649","0.0","0.0","317808","12592","?","Ssl","мар17","0:02","/usr/bin/ModemManager"
"root","667","0.0","0.0","17376","11924","?","Ss","мар17","0:03","/usr/bin/wpa_supplicant -u -s -O /run/wpa_supplicant"
"root","674","0.0","0.0","21652","7968","?","Ss","мар17","0:00","/usr/bin/cupsd -l"
"root","682","0.0","0.4","2306752","60928","?","Ssl","мар17","0:53","/usr/bin/containerd"
"root","732","0.1","0.6","6114656","90000","?","Ssl","мар17","3:02","/usr/bin/dockerd -H fd:// --containerd=/run/containerd/containerd.sock"
"root","745","0.0","0.0","0","0","?","I<","мар17","0:00","[kworker/R-ib-comp-wq]"
"root","746","0.0","0.0","0","0","?","I<","мар17","0:00","[kworker/R-ib-comp-unb-wq]"
"root","747","0.0","0.0","0","0","?","I<","мар17","0:00","[kworker/R-ib_mcast]"
"root","748","0.0","0.0","0","0","?","I<","мар17","0:00","[kworker/R-ib_nl_sa_wq]"
"root","754","0.0","0.0","0","0","?","I<","мар17","0:00","[kworker/R-iw_cm_wq]"
"root","756","0.0","0.0","0","0","?","I<","мар17","0:00","[kworker/R-rdma_cm]"
"root","773","0.0","0.0","0","0","?","I<","мар17","0:00","[kworker/R-cifsiod]"
"root","774","0.0","0.0","0","0","?","I<","мар17","0:00","[kworker/R-smb3decryptd]"
"root","775","0.0","0.0","0","0","?","I<","мар17","0:00","[kworker/R-cifsfileinfoput]"
"root","776","0.0","0.0","0","0","?","I<","мар17","0:00","[kworker/R-cifsoplockd]"
"root","777","0.0","0.0","0","0","?","I<","мар17","0:00","[kworker/R-deferredclose]"
"root","778","0.0","0.0","0","0","?","I<","мар17","0:00","[kworker/R-serverclose]"
"root","779","0.0","0.0","0","0","?","I<","мар17","0:00","[kworker/R-cfid_put_wq]"
"root","780","0.0","0.0","0","0","?","I<","мар17","0:00","[kworker/R-cifs-dfscache]"
"root","842","0.0","0.0","6808","5152","?","Ss","мар17","0:00","/usr/sbin/crond -n"
"root","855","0.0","0.1","158664","21804","?","Ssl","мар17","0:00","/usr/bin/sddm"
"root","861","0.0","0.4","1117828","62240","tty2","Ssl+","мар17","0:00","/usr/lib/Xorg -nolisten tcp -background none -seat seat0 vt2 -auth /run/sddm/xauth_GTCauu -noreset -displayfd 16"
"root","1291","0.0","0.0","1235080","13980","?","Sl","мар17","0:02","/usr/bin/containerd-shim-runc-v2 -namespace moby -id 176a4e2817b82b6d98d007bb35ae790dcad6ed1cc5610ea272dc163adc8c7319 -address /run/containerd/containerd.sock"
"root","1334","0.0","0.0","1235592","13980","?","Sl","мар17","0:01","/usr/bin/containerd-shim-runc-v2 -namespace moby -id 3f58677f2abb1c41f96ae5afb8ee6778881fa9613ee5a8d0d800a01015371f8e -address /run/containerd/containerd.sock"
"root","1453","0.0","0.0","2588","1480","pts/0","Ss+","мар17","0:00","sh -c python3 main.py"
"root","1454","0.0","0.0","2588","1404","pts/0","Ss+","мар17","0:00","sh -c python3 manage.py migrate && python3 -u -m daphne backend.asgi:application -b backend -p 8000"
"root","1651","0.0","0.2","337412","33196","pts/0","Sl+","мар17","2:10","python3 main.py"
"root","1863","0.0","0.5","83128","71656","pts/0","S+","мар17","0:09","python3 -u -m daphne backend.asgi:application -b backend -p 8000"
"root","2529","0.0","0.1","84144","21176","?","S","мар17","0:00","/usr/lib/sddm/sddm-helper --socket /tmp/sddm-auth-ac3620cd-c581-45cb-b23a-8a828fe23450 --id 1 --start /usr/lib/plasma-dbus-run-session-if-needed /usr/bin/startplasma-wayland --user max"
"max","2569","0.0","0.0","22396","12996","?","Ss","мар17","0:40","/usr/lib/systemd/systemd --user"
"max","2619","0.0","0.0","23108","4144","?","S","мар17","0:00","(sd-pam)"
"max","2655","0.0","0.0","8284","3868","?","Ss","мар17","0:00","/usr/bin/dbus-broker-launch --scope user"
"max","2656","0.0","0.0","7376","5712","?","S","мар17","0:12","dbus-broker --log 11 --controller 10 --machine-id 929c59d431654e5896aba971735a27f0 --max-bytes 100000000000000 --max-fds 25000000000000 --max-matches 5000000000"
"max","2657","0.0","0.1","104404","15280","?","S<sl","мар17","0:05","/usr/bin/pipewire"
"max","2658","0.0","0.2","787420","38700","?","S<sl","мар17","0:09","/usr/bin/wireplumber"
"max","2659","0.0","0.1","110044","17908","?","S<sl","мар17","0:05","/usr/bin/pipewire-pulse"
"rtkit","2664","0.0","0.0","21884","3512","?","SNsl","мар17","0:00","/usr/lib/rtkit-daemon"
"max","2702","0.0","0.5","1570744","75640","?","SLl","мар17","0:00","/usr/bin/ksecretd --pam-login 12 13"
"max","2708","0.0","0.2","233508","32580","tty1","Ssl+","мар17","0:00","/usr/bin/startplasma-wayland"
"root","2904","0.0","0.0","0","0","?","S<","мар17","0:00","[krfcommd]"
"max","2913","0.0","0.0","151404","13216","?","Ssl","мар17","0:00","/usr/bin/kwin_wayland_wrapper --xwayland"
"max","2917","0.4","2.9","2853116","422908","?","Sl","мар17","12:46","/usr/bin/kwin_wayland --wayland-fd 7 --socket wayland-0 --xwayland-fd 8 --xwayland-fd 9 --xwayland-display :1 --xwayland-xauthority /run/user/1000/xauth_yJznui --xwayland"
"max","2923","0.0","0.6","269018364","98636","?","SNsl","мар17","2:12","/usr/lib/kf6/baloo_file"
"max","2926","0.0","0.1","836112","18192","?","Ssl","мар17","0:23","/usr/lib/xdg-desktop-portal"
"max","2933","0.0","0.0","306208","7980","?","Ssl","мар17","0:00","/usr/lib/xdg-permission-store"
"root","2947","0.0","0.0","318204","12976","?","Ssl","мар17","0:06","/usr/lib/upowerd"
"max","2948","0.0","0.0","613584","10796","?","Ssl","мар17","0:00","/usr/lib/xdg-document-portal"
"root","2965","0.0","0.0","2580","1892","?","Ss","мар17","0:00","fusermount3 -o rw,nosuid,nodev,fsname=portal,auto_unmount,subtype=portal -- /run/user/1000/doc"
"root","3037","0.0","0.0","542504","13176","?","Ssl","мар17","0:08","/usr/lib/udisks2/udisksd"
"max","3094","0.1","0.4","1136140","71248","?","Sl","мар17","4:35","/usr/bin/Xwayland :1 -auth /run/user/1000/xauth_yJznui -listenfd 8 -listenfd 9 -displayfd 70 -wm 72 -rootless -enable-ei-portal"
"max","3127","0.0","0.0","380472","7260","?","Ssl","мар17","0:00","/usr/lib/at-spi-bus-launcher"
"max","3139","0.0","0.0","8156","3868","?","S","мар17","0:00","/usr/bin/dbus-broker-launch --config-file=/usr/share/defaults/at-spi2/accessibility.conf --scope user"
"max","3143","0.0","0.0","4568","2980","?","S","мар17","0:00","dbus-broker --log 10 --controller 9 --machine-id 929c59d431654e5896aba971735a27f0 --max-bytes 100000000000000 --max-fds 6400000 --max-matches 5000000000"
"max","3154","0.0","0.0","168316","7056","?","Ssl","мар17","0:00","/usr/lib/at-spi2-registryd --use-gnome-session"
"max","3237","0.0","0.4","1275860","63244","?","Ssl","мар17","0:01","/usr/bin/ksmserver"
"max","3240","0.0","0.6","2265308","98776","?","Ssl","мар17","0:36","/usr/bin/kded6"
"max","3441","0.1","4.0","6208444","578680","?","Ssl","мар17","3:06","/usr/bin/plasmashell --no-respawn"
"max","3467","0.0","0.0","163688","5796","?","Ssl","мар17","0:00","/usr/lib/dconf-service"
"max","3491","0.0","0.3","662764","44076","?","Ssl","мар17","0:10","/usr/lib/kactivitymanagerd"
"max","3492","0.0","0.1","228220","26248","?","Ssl","мар17","0:01","/usr/bin/gmenudbusmenuproxy"
"max","3493","0.0","0.4","1278208","64996","?","Ssl","мар17","0:01","/usr/bin/kaccess"
"max","3494","0.0","0.4","1555068","65212","?","Ssl","мар17","0:00","/usr/lib/polkit-kde-authentication-agent-1"
"max","3495","0.0","0.4","840632","58552","?","Ssl","мар17","0:14","/usr/lib/org_kde_powerdevil"
"max","3496","0.0","0.1","227656","25664","?","Ssl","мар17","0:01","/usr/bin/xembedsniproxy"
"max","3533","0.0","0.0","8144","4380","?","S","мар17","0:00","/usr/bin/xsettingsd"
"max","3595","0.0","0.4","1558872","67072","?","SLsl","мар17","0:00","/usr/bin/kwalletd6"
"max","3740","0.0","0.1","341304","27204","?","Ssl","мар17","0:04","/usr/bin/msm_kde_notifier"
"max","3741","0.0","0.4","1556672","69496","?","Ssl","мар17","1:12","/usr/bin/kdeconnectd"
"max","3756","0.0","0.1","528856","24020","?","Ssl","мар17","0:00","/usr/lib/xdg-desktop-portal-gtk"
"max","3761","0.0","0.0","322312","7476","?","Ssl","мар17","0:00","/usr/lib/geoclue-2.0/demos/agent"
"max","3763","0.0","0.4","1570104","69256","?","Ssl","мар17","0:00","/usr/bin/pamac-tray-plasma"
"max","3828","0.0","0.0","325908","12824","?","Ssl","мар17","0:00","/usr/lib/gvfsd"
"max","3857","0.0","0.0","396980","9016","?","Sl","мар17","0:00","/usr/lib/gvfsd-fuse /run/user/1000/gvfs -f"
"max","3906","0.0","0.4","1556768","68348","?","Ssl","мар17","0:10","/usr/lib/xdg-desktop-portal-kde"
"max","4257","0.0","0.0","167940","8708","?","Ssl","мар17","0:00","/usr/lib/gvfsd-metadata"
"max","68545","0.0","2.3","4420284","332808","?","Ssl","мар17","0:11","/usr/bin/krunner --daemon"
"max","68616","0.0","2.3","269992784","341772","?","Ssl","мар17","0:01","/usr/lib/baloorunner"
"max","68670","0.0","1.9","271006920","283396","?","Ssl","мар17","0:12","/usr/bin/dolphin"
"max","69940","2.3","35.3","15078284","5044252","?","SLsl","мар17","69:57","/home/max/Загрузки/pycharm-2025.1.2/bin/pycharm"
"max","70047","0.0","0.0","8764","2272","?","S","мар17","0:02","/home/max/Загрузки/pycharm-2025.1.2/bin/fsnotifier"
"max","78566","0.4","2.3","1862868","340088","?","Sl","мар17","13:59","/home/max/.cache/JetBrains/PyCharm2025.3/full-line/models/baa3b306-cd6c-3e90-9dc3-a8d38bd594ed/full-line-inference.zip_extracted/full-line-inference --model /home/max/.cache/JetBrains/PyCharm2025.3/full-line/models/baa3b306-cd6c-3e90-9dc3-a8d38bd594ed/flcc.model --type llama --beam-size 2 --iterations-count 20 --context-ratio 0.5 --min-cached 5 --max-missing 30 --max-model-ctx 0"
"max","168952","0.0","0.1","331104","14492","?","Sl","мар17","0:00","/usr/lib/gvfsd-http --spawner :1.53 /org/gtk/gvfs/exec_spaw/0"
"max","169110","0.0","2.0","270563824","291032","?","Ssl","мар17","0:11","/usr/bin/dolphin /home/max/Рабочий стол/Защитник"
"root","186636","0.0","0.1","593252","25204","?","Ssl","мар17","0:01","/usr/bin/pamac-daemon"
"root","242341","0.1","0.0","0","0","?","I","17:53","0:04","[kworker/u32:1-flush-259:0]"
"max","247393","4.4","4.0","1571936","574328","?","Ssl","18:00","3:00","/usr/bin/Telegram"
"root","252218","0.0","0.0","0","0","?","I","18:06","0:03","[kworker/u32:2-dm_vblank_control_workqueue]"
"max","254016","0.1","2.0","270640012","294180","?","Ssl","18:08","0:04","/usr/bin/dolphin /home/max/Рабочий стол/сборщики"
"max","254085","0.0","1.7","1598432","246032","?","Ssl","18:08","0:01","/usr/bin/konsole --workdir /home/max/Рабочий стол/сборщики"
"max","254106","0.0","0.0","13460","11388","pts/3","Ss+","18:08","0:01","/bin/zsh"
"max","254113","0.0","0.0","10496","6148","pts/3","S","18:08","0:00","/bin/zsh"
"max","254123","0.0","0.0","12468","7748","pts/3","S","18:08","0:00","/bin/zsh"
"max","254124","0.0","0.0","12452","7540","pts/3","S","18:08","0:00","/bin/zsh"
"max","254126","0.0","0.0","1121628","5292","pts/3","Sl","18:08","0:00","/usr/share/zsh-theme-powerlevel10k/gitstatus/usrbin/gitstatusd -G v1.5.5 -s -1 -u -1 -d -1 -c -1 -m -1 -v FATAL -t 16"
"max","254201","7.4","6.2","12556168","884040","?","Ssl","18:08","4:28","/usr/lib/firefox/firefox"
"max","254206","0.0","0.0","150916","3208","?","Sl","18:08","0:00","/usr/lib/firefox/crashhelper 254201 9 /tmp/ 11"
"max","254310","0.0","0.3","482348","45240","?","S","18:08","0:00","/usr/lib/firefox/firefox -contentproc -ipcHandle 0 -signalPipe 1 -initialChannelId {f4428387-364b-47d5-a074-6f763939db1f} -parentPid 254201 -greomni /usr/lib/firefox/omni.ja -appomni /usr/lib/firefox/browser/omni.ja -appDir /usr/lib/firefox/browser 1 forkserver"
"max","254326","0.0","0.4","497640","62516","?","Sl","18:08","0:00","/usr/lib/firefox/firefox -contentproc -parentBuildID 20260223201419 -prefsHandle 0:38255 -prefMapHandle 1:280780 -sandboxReporter 2 -chrootClient 3 -ipcHandle 4 -initialChannelId {e7236691-cd2b-4226-b1fc-6dbacf4e0a6c} -parentPid 254201 -crashReporter 5 -crashHelper 6 -appDir /usr/lib/firefox/browser 2 socket"
"max","254352","0.1","1.4","2690324","209548","?","Sl","18:08","0:05","/usr/lib/firefox/firefox -contentproc -isForBrowser -prefsHandle 0:38389 -prefMapHandle 1:280780 -jsInitHandle 2:227672 -parentBuildID 20260223201419 -sandboxReporter 3 -chrootClient 4 -ipcHandle 5 -initialChannelId {284e5fd1-adb5-4a2e-88a8-008a83a19d35} -parentPid 254201 -crashReporter 6 -crashHelper 7 -greomni /usr/lib/firefox/omni.ja -appomni /usr/lib/firefox/browser/omni.ja -appDir /usr/lib/firefox/browser 3 tab"
"max","254362","0.0","0.4","776288","67588","?","Sl","18:08","0:00","/usr/lib/firefox/firefox -contentproc -parentBuildID 20260223201419 -prefsHandle 0:38389 -prefMapHandle 1:280780 -sandboxReporter 2 -chrootClient 3 -ipcHandle 4 -initialChannelId {cc3d2ecb-a1f6-4da6-a170-cfe8a29cd1e0} -parentPid 254201 -crashReporter 5 -crashHelper 6 -appDir /usr/lib/firefox/browser 4 rdd"
"max","254516","0.6","2.6","19938812","374824","?","Sl","18:08","0:22","/usr/lib/firefox/firefox -contentproc -isForBrowser -prefsHandle 0:38446 -prefMapHandle 1:280780 -jsInitHandle 2:227672 -parentBuildID 20260223201419 -sandboxReporter 3 -chrootClient 4 -ipcHandle 5 -initialChannelId {d2923c00-b040-46a3-9a49-38593b248e22} -parentPid 254201 -crashReporter 6 -crashHelper 7 -greomni /usr/lib/firefox/omni.ja -appomni /usr/lib/firefox/browser/omni.ja -appDir /usr/lib/firefox/browser 5 tab"
"max","254589","0.0","0.4","778336","70312","?","Sl","18:08","0:00","/usr/lib/firefox/firefox -contentproc -parentBuildID 20260223201419 -sandboxingKind 0 -prefsHandle 0:48403 -prefMapHandle 1:280780 -sandboxReporter 2 -chrootClient 3 -ipcHandle 4 -initialChannelId {3fb7bbe0-eae3-4b04-8b85-6618af8f1935} -parentPid 254201 -crashReporter 5 -crashHelper 6 -appDir /usr/lib/firefox/browser 6 utility"
"max","254603","0.6","2.7","3014900","389320","?","Sl","18:08","0:22","/usr/lib/firefox/firefox -contentproc -isForBrowser -prefsHandle 0:43492 -prefMapHandle 1:280780 -jsInitHandle 2:227672 -parentBuildID 20260223201419 -sandboxReporter 3 -chrootClient 4 -ipcHandle 5 -initialChannelId {b7871e11-adb0-47ef-9f70-9b73035b103c} -parentPid 254201 -crashReporter 6 -crashHelper 7 -greomni /usr/lib/firefox/omni.ja -appomni /usr/lib/firefox/browser/omni.ja -appDir /usr/lib/firefox/browser 8 tab"
"max","254641","0.0","1.0","2644220","146384","?","Sl","18:08","0:00","/usr/lib/firefox/firefox -contentproc -isForBrowser -prefsHandle 0:43492 -prefMapHandle 1:280780 -jsInitHandle 2:227672 -parentBuildID 20260223201419 -sandboxReporter 3 -chrootClient 4 -ipcHandle 5 -initialChannelId {3b2ac0b4-f5c8-44df-a3a8-f0b282b6b70c} -parentPid 254201 -crashReporter 6 -crashHelper 7 -greomni /usr/lib/firefox/omni.ja -appomni /usr/lib/firefox/browser/omni.ja -appDir /usr/lib/firefox/browser 9 tab"
"max","254738","0.8","2.6","2903756","378212","?","Sl","18:08","0:31","/usr/lib/firefox/firefox -contentproc -isForBrowser -prefsHandle 0:43630 -prefMapHandle 1:280780 -jsInitHandle 2:227672 -parentBuildID 20260223201419 -sandboxReporter 3 -chrootClient 4 -ipcHandle 5 -initialChannelId {09c79ee9-b77e-4ec3-85bf-7d84712ceb03} -parentPid 254201 -crashReporter 6 -crashHelper 7 -greomni /usr/lib/firefox/omni.ja -appomni /usr/lib/firefox/browser/omni.ja -appDir /usr/lib/firefox/browser 10 tab"
"max","254852","2.1","1.9","2822004","283712","?","Sl","18:08","1:18","/usr/lib/firefox/firefox -contentproc -isForBrowser -prefsHandle 0:43630 -prefMapHandle 1:280780 -jsInitHandle 2:227672 -parentBuildID 20260223201419 -sandboxReporter 3 -chrootClient 4 -ipcHandle 5 -initialChannelId {4278993f-5d18-42a9-8eb9-6a41ec84d427} -parentPid 254201 -crashReporter 6 -crashHelper 7 -greomni /usr/lib/firefox/omni.ja -appomni /usr/lib/firefox/browser/omni.ja -appDir /usr/lib/firefox/browser 12 tab"
"max","256654","0.2","2.0","270641460","299268","?","Ssl","18:10","0:08","/usr/bin/dolphin /home/max/Рабочий стол/сборщики"
"max","258180","0.0","1.7","1802904","255840","?","Ssl","18:12","0:02","/usr/bin/konsole --workdir /home/max/Рабочий стол/сборщики"
"max","258201","0.2","0.0","13656","11444","pts/4","Ss+","18:12","0:07","/bin/zsh"
"max","258208","0.0","0.0","10496","6052","pts/4","S","18:12","0:00","/bin/zsh"
"max","258218","0.0","0.0","12468","7820","pts/4","S","18:12","0:00","/bin/zsh"
"max","258219","0.0","0.0","12452","7520","pts/4","S","18:12","0:00","/bin/zsh"
"max","258221","0.0","0.0","1187164","5600","pts/4","Sl","18:12","0:00","/usr/share/zsh-theme-powerlevel10k/gitstatus/usrbin/gitstatusd -G v1.5.5 -s -1 -u -1 -d -1 -c -1 -m -1 -v FATAL -t 16"
"max","261779","0.1","1.3","2846016","186280","?","Sl","18:15","0:03","/home/max/Загрузки/pycharm-2025.1.2/jbr/lib/cef_server --port=6188 --loglevel=100 --params=/tmp/cef_server_params.txt"
"max","261786","0.0","0.2","299224","34812","?","S","18:15","0:00","/home/max/Загрузки/pycharm-2025.1.2/jbr/lib/cef_server --type=zygote --no-zygote-sandbox --no-sandbox --force-device-scale-factor=1.0 --enable-crash-reporter=, --change-stack-guard-on-fork=enable --user-data-dir=/home/max/.cache/JetBrains/PyCharm2025.3/jcef_cache --log-severity=disable"
"max","261787","0.0","0.2","299224","34868","?","S","18:15","0:00","/home/max/Загрузки/pycharm-2025.1.2/jbr/lib/cef_server --type=zygote --no-sandbox --force-device-scale-factor=1.0 --enable-crash-reporter=, --change-stack-guard-on-fork=enable --user-data-dir=/home/max/.cache/JetBrains/PyCharm2025.3/jcef_cache --log-severity=disable"
"max","261836","0.0","1.6","2732664","241244","?","Sl","18:15","0:00","/home/max/Загрузки/pycharm-2025.1.2/jbr/lib/cef_server --type=gpu-process --no-sandbox --enable-crash-reporter=, --change-stack-guard-on-fork=enable --user-data-dir=/home/max/.cache/JetBrains/PyCharm2025.3/jcef_cache --log-severity=disable --gpu-preferences=UAAAAAAAAAAgAAAEAAAAAAAAAAAAAAAAAABgAAEAAAAAAAAAAAAAAAAAAAAAAAAAAAAAAAAAAAAAAAAAAQAAABAAAAAAAAAAEAAAAAAAAAAIAAAAAAAAAAgAAAAAAAAA --shared-files --field-trial-handle=3,i,7119352627284973292,12766451330703652265,262144 --disable-features=EyeDropper,SpareRendererForSitePerProcess --variations-seed-version --log-file=/home/max/.cache/JetBrains/PyCharm2025.3/log/jcef_chromium_69940.log"
"max","261840","0.0","0.4","1111620","71064","?","Sl","18:15","0:00","/home/max/Загрузки/pycharm-2025.1.2/jbr/lib/cef_server --type=utility --utility-sub-type=network.mojom.NetworkService --lang=ru --service-sandbox-type=none --no-sandbox --enable-crash-reporter=, --change-stack-guard-on-fork=enable --user-data-dir=/home/max/.cache/JetBrains/PyCharm2025.3/jcef_cache --log-severity=disable --shared-files=v8_context_snapshot_data:100 --field-trial-handle=3,i,7119352627284973292,12766451330703652265,262144 --disable-features=EyeDropper,SpareRendererForSitePerProcess --variations-seed-version --log-file=/home/max/.cache/JetBrains/PyCharm2025.3/log/jcef_chromium_69940.log"
"max","261852","0.0","0.2","743364","40160","?","Sl","18:15","0:00","/home/max/Загрузки/pycharm-2025.1.2/jbr/lib/cef_server --type=utility --utility-sub-type=storage.mojom.StorageService --lang=ru --service-sandbox-type=utility --no-sandbox --enable-crash-reporter=, --change-stack-guard-on-fork=enable --user-data-dir=/home/max/.cache/JetBrains/PyCharm2025.3/jcef_cache --log-severity=disable --shared-files=v8_context_snapshot_data:100 --field-trial-handle=3,i,7119352627284973292,12766451330703652265,262144 --disable-features=EyeDropper,SpareRendererForSitePerProcess --variations-seed-version --log-file=/home/max/.cache/JetBrains/PyCharm2025.3/log/jcef_chromium_69940.log"
"max","261923","0.0","0.8","1456296796","127904","?","Sl","18:15","0:00","/home/max/Загрузки/pycharm-2025.1.2/jbr/lib/cef_server --type=renderer --enable-crash-reporter=, --change-stack-guard-on-fork=enable --user-data-dir=/home/max/.cache/JetBrains/PyCharm2025.3/jcef_cache --log-severity=disable --no-sandbox --autoplay-policy=no-user-gesture-required --force-device-scale-factor=1.0 --lang=ru --num-raster-threads=4 --enable-main-frame-before-activation --renderer-client-id=5 --time-ticks-at-unix-epoch=-1773908986070158 --launch-time-ticks=20766431665 --shared-files=v8_context_snapshot_data:100 --field-trial-handle=3,i,7119352627284973292,12766451330703652265,262144 --disable-features=EyeDropper,SpareRendererForSitePerProcess --variations-seed-version --log-file=/home/max/.cache/JetBrains/PyCharm2025.3/log/jcef_chromium_69940.log"
"max","261940","0.0","0.6","1457776852","90848","?","Sl","18:15","0:00","/home/max/Загрузки/pycharm-2025.1.2/jbr/lib/cef_server --type=renderer --enable-crash-reporter=, --extension-process --change-stack-guard-on-fork=enable --user-data-dir=/home/max/.cache/JetBrains/PyCharm2025.3/jcef_cache --log-severity=disable --no-sandbox --autoplay-policy=no-user-gesture-required --force-device-scale-factor=1.0 --lang=ru --num-raster-threads=4 --enable-main-frame-before-activation --renderer-client-id=7 --time-ticks-at-unix-epoch=-1773908986070158 --launch-time-ticks=20766889930 --shared-files=v8_context_snapshot_data:100 --field-trial-handle=3,i,7119352627284973292,12766451330703652265,262144 --disable-features=EyeDropper,SpareRendererForSitePerProcess --variations-seed-version --log-file=/home/max/.cache/JetBrains/PyCharm2025.3/log/jcef_chromium_69940.log"
"max","261956","0.0","1.4","1762884","212332","?","Sl","18:15","0:00","/usr/bin/plasma-browser-integration-host chrome-extension://cimiefiiaegbelhefglklhhakcgmhkai/"
"max","266053","0.0","2.1","2788080","301512","?","Ssl","18:19","0:00","/usr/bin/spectacle --dbus"
"max","266223","2.1","2.1","2889084","309136","?","Sl","18:20","1:01","/usr/lib/firefox/firefox -contentproc -isForBrowser -prefsHandle 0:43829 -prefMapHandle 1:280780 -jsInitHandle 2:227672 -parentBuildID 20260223201419 -sandboxReporter 3 -chrootClient 4 -ipcHandle 5 -initialChannelId {04aa92d6-ac1c-4af8-849a-b885fff8076c} -parentPid 254201 -crashReporter 6 -crashHelper 7 -greomni /usr/lib/firefox/omni.ja -appomni /usr/lib/firefox/browser/omni.ja -appDir /usr/lib/firefox/browser 17 tab"
"root","268149","0.0","0.0","0","0","?","I","18:22","0:02","[kworker/u32:4-dm_vblank_control_workqueue]"
"root","273177","0.0","0.0","0","0","?","I","18:28","0:00","[kworker/5:4-cgroup_free]"
"max","274694","0.0","1.4","2686356","200444","?","Sl","18:30","0:02","/usr/lib/firefox/firefox -contentproc -isForBrowser -prefsHandle 0:43829 -prefMapHandle 1:280780 -jsInitHandle 2:227672 -parentBuildID 20260223201419 -sandboxReporter 3 -chrootClient 4 -ipcHandle 5 -initialChannelId {312d9365-543c-4a89-aa11-284d715e62a2} -parentPid 254201 -crashReporter 6 -crashHelper 7 -greomni /usr/lib/firefox/omni.ja -appomni /usr/lib/firefox/browser/omni.ja -appDir /usr/lib/firefox/browser 24 tab"
"max","275188","0.0","1.6","2749688","239032","?","Sl","18:30","0:02","/usr/lib/firefox/firefox -contentproc -isForBrowser -prefsHandle 0:43829 -prefMapHandle 1:280780 -jsInitHandle 2:227672 -parentBuildID 20260223201419 -sandboxReporter 3 -chrootClient 4 -ipcHandle 5 -initialChannelId {7050baca-ae8f-4533-951f-d87774cf527f} -parentPid 254201 -crashReporter 6 -crashHelper 7 -greomni /usr/lib/firefox/omni.ja -appomni /usr/lib/firefox/browser/omni.ja -appDir /usr/lib/firefox/browser 27 tab"
"root","276249","0.0","0.0","0","0","?","I","18:31","0:00","[kworker/u32:7-flush-259:0]"
"root","276250","0.0","0.0","0","0","?","I","18:31","0:00","[kworker/u32:10-flush-259:0]"
"root","279402","0.0","0.0","0","0","?","I","18:35","0:00","[kworker/4:2-events]"
"root","279450","0.0","0.0","0","0","?","I<","18:35","0:00","[kworker/u33:12-ttm]"
"root","279458","0.0","0.0","0","0","?","I","18:35","0:00","[kworker/1:18-events]"
"root","280200","0.0","0.0","0","0","?","I","18:35","0:00","[kworker/3:2-events]"
"max","282757","0.0","0.7","2631916","108412","?","Sl","18:38","0:00","/usr/lib/firefox/firefox -contentproc -isForBrowser -prefsHandle 0:43829 -prefMapHandle 1:280780 -jsInitHandle 2:227672 -parentBuildID 20260223201419 -sandboxReporter 3 -chrootClient 4 -ipcHandle 5 -initialChannelId {218472cd-93a6-44d0-ac76-103a56a9a6a5} -parentPid 254201 -crashReporter 6 -crashHelper 7 -greomni /usr/lib/firefox/omni.ja -appomni /usr/lib/firefox/browser/omni.ja -appDir /usr/lib/firefox/browser 31 tab"
"max","283136","0.0","0.1","433772","18124","?","Ssl","18:38","0:00","/usr/lib/gvfs-udisks2-volume-monitor"
"max","283148","0.0","0.0","547496","14104","?","Sl","18:38","0:00","/usr/lib/gvfsd-trash --spawner :1.53 /org/gtk/gvfs/exec_spaw/1"
"max","283567","0.0","0.0","400148","13408","?","Sl","18:38","0:00","/usr/lib/gvfsd-network --spawner :1.53 /org/gtk/gvfs/exec_spaw/2"
"root","283889","0.0","0.0","0","0","?","I","18:38","0:00","[kworker/2:2-events]"
"root","285418","0.0","0.0","0","0","?","I","18:40","0:00","[kworker/0:0-events]"
"max","287495","0.0","0.7","2631916","107760","?","Sl","18:43","0:00","/usr/lib/firefox/firefox -contentproc -isForBrowser -prefsHandle 0:43829 -prefMapHandle 1:280780 -jsInitHandle 2:227672 -parentBuildID 20260223201419 -sandboxReporter 3 -chrootClient 4 -ipcHandle 5 -initialChannelId {0952eb30-8a57-4824-99da-e52a17c84d55} -parentPid 254201 -crashReporter 6 -crashHelper 7 -greomni /usr/lib/firefox/omni.ja -appomni /usr/lib/firefox/browser/omni.ja -appDir /usr/lib/firefox/browser 32 tab"
"root","292485","0.0","0.0","0","0","?","I","18:49","0:00","[kworker/1:1-events]"
"max","292891","0.0","0.0","8964","7580","pts/5","Ss+","18:49","0:00","/bin/bash --rcfile /home/max/Загрузки/pycharm-2025.1.2/plugins/terminal/shell-integrations/bash/bash-integration.bash -i"
"max","294596","0.0","0.7","2631916","108292","?","Sl","18:50","0:00","/usr/lib/firefox/firefox -contentproc -isForBrowser -prefsHandle 0:43829 -prefMapHandle 1:280780 -jsInitHandle 2:227672 -parentBuildID 20260223201419 -sandboxReporter 3 -chrootClient 4 -ipcHandle 5 -initialChannelId {8238f784-f773-43d3-92ad-bc6fdfea7c6d} -parentPid 254201 -crashReporter 6 -crashHelper 7 -greomni /usr/lib/firefox/omni.ja -appomni /usr/lib/firefox/browser/omni.ja -appDir /usr/lib/firefox/browser 33 tab"
"root","294901","0.0","0.0","0","0","?","I<","18:50","0:00","[kworker/u33:1-ttm]"
"root","294902","0.0","0.0","0","0","?","I","18:50","0:00","[kworker/6:5-events]"
"root","295509","0.0","0.0","0","0","?","I","18:51","0:00","[kworker/5:1-events]"
"root","295862","0.0","0.0","0","0","?","I","18:51","0:00","[kworker/u32:3-ext4-rsv-conversion]"
"root","299740","0.0","0.0","0","0","?","I","18:56","0:00","[kworker/7:2-cgroup_free]"
"root","299872","0.0","0.0","0","0","?","I","18:56","0:00","[kworker/4:0-events]"
"root","301059","0.0","0.0","0","0","?","I","18:58","0:00","[kworker/3:0-events]"
"root","302679","0.0","0.0","0","0","?","I","19:00","0:00","[kworker/2:3-events]"
"root","302680","0.0","0.0","0","0","?","I","19:00","0:00","[kworker/u32:5-flush-259:0]"
"root","302681","0.0","0.0","0","0","?","I","19:00","0:00","[kworker/u32:6-flush-259:0]"
"root","304351","0.0","0.0","0","0","?","I","19:02","0:00","[kworker/5:0-events]"
"root","304416","0.0","0.0","0","0","?","I","19:02","0:00","[kworker/0:2-events]"
"root","304594","0.0","0.0","0","0","?","I","19:02","0:00","[kworker/6:1-events]"
"root","304716","0.0","0.0","0","0","?","I","19:02","0:00","[kworker/7:1-events]"
"root","306063","0.0","0.0","0","0","?","I","19:04","0:00","[kworker/3:1-events]"
"root","306411","0.0","0.0","0","0","?","I","19:04","0:00","[kworker/1:0-events]"
"root","306779","0.0","0.0","0","0","?","I","19:04","0:00","[kworker/4:1-events]"
"root","307288","0.0","0.0","0","0","?","I","19:05","0:00","[kworker/5:2]"
"root","307905","0.0","0.0","0","0","?","I","19:06","0:00","[kworker/u32:0-events_power_efficient]"
"root","308586","0.0","0.0","0","0","?","I","19:07","0:00","[kworker/2:0-events]"
"root","309152","0.0","0.0","0","0","?","I","19:07","0:00","[kworker/6:0-events]"
"root","309422","0.0","0.0","0","0","?","I<","19:07","0:00","[kworker/u33:0-ttm]"
"root","309485","0.0","0.0","0","0","?","I<","19:08","0:00","[kworker/u33:2-rb_allocator]"
"root","309486","0.0","0.0","0","0","?","I<","19:08","0:00","[kworker/u33:3-ttm]"
"root","309487","0.0","0.0","0","0","?","I<","19:08","0:00","[kworker/u33:4-ttm]"
"root","309488","0.0","0.0","0","0","?","I<","19:08","0:00","[kworker/u33:5-ttm]"
"root","309489","0.0","0.0","0","0","?","I<","19:08","0:00","[kworker/u33:6-ttm]"
"root","309490","0.0","0.0","0","0","?","I<","19:08","0:00","[kworker/u33:7-ttm]"
"root","309491","0.0","0.0","0","0","?","I<","19:08","0:00","[kworker/u33:8-ttm]"
"root","309492","0.0","0.0","0","0","?","I<","19:08","0:00","[kworker/u33:9-ttm]"
"root","309493","0.0","0.0","0","0","?","I<","19:08","0:00","[kworker/u33:10-ttm]"
"root","309494","0.0","0.0","0","0","?","I<","19:08","0:00","[kworker/u33:11-ttm]"
"root","309495","0.0","0.0","0","0","?","I<","19:08","0:00","[kworker/u33:13-ttm]"
"root","309496","0.0","0.0","0","0","?","I<","19:08","0:00","[kworker/u33:14-ttm]"
"root","309497","0.0","0.0","0","0","?","I<","19:08","0:00","[kworker/u33:15-ttm]"
"root","309498","0.0","0.0","0","0","?","I<","19:08","0:00","[kworker/u33:16]"
"root","309499","0.0","0.0","0","0","?","I","19:08","0:00","[kworker/0:1-events]"
"root","309500","0.0","0.0","0","0","?","I","19:08","0:00","[kworker/0:3-events]"
"root","309501","0.0","0.0","0","0","?","I","19:08","0:00","[kworker/0:4-events]"
"root","309502","0.0","0.0","0","0","?","I","19:08","0:00","[kworker/0:5-events]"
"root","309503","0.0","0.0","0","0","?","I","19:08","0:00","[kworker/0:6-events]"
"root","309504","0.0","0.0","0","0","?","I","19:08","0:00","[kworker/0:7-events]"
"root","309505","0.0","0.0","0","0","?","I","19:08","0:00","[kworker/0:8-events]"
"root","309506","0.0","0.0","0","0","?","I","19:08","0:00","[kworker/0:9-events]"
"root","309507","0.0","0.0","0","0","?","I","19:08","0:00","[kworker/0:10-events]"
"root","309508","0.0","0.0","0","0","?","I","19:08","0:00","[kworker/0:11-events]"
"root","309509","0.0","0.0","0","0","?","I","19:08","0:00","[kworker/0:12-events]"
"root","309510","0.0","0.0","0","0","?","I","19:08","0:00","[kworker/0:13-events]"
"root","309511","0.0","0.0","0","0","?","I","19:08","0:00","[kworker/0:14-events]"
"root","309512","0.0","0.0","0","0","?","I","19:08","0:00","[kworker/0:15-events]"
"root","309513","0.0","0.0","0","0","?","I","19:08","0:00","[kworker/0:16-events]"
"root","309514","0.0","0.0","0","0","?","I","19:08","0:00","[kworker/0:17-events]"
"root","309515","0.0","0.0","0","0","?","I","19:08","0:00","[kworker/0:18-events]"
"root","309516","0.0","0.0","0","0","?","I","19:08","0:00","[kworker/0:19-events]"
"root","309517","0.0","0.0","0","0","?","I","19:08","0:00","[kworker/0:20-events]"
"root","309518","0.0","0.0","0","0","?","I","19:08","0:00","[kworker/0:21-events]"
"root","309519","0.0","0.0","0","0","?","I","19:08","0:00","[kworker/0:22-events]"
"root","309520","0.0","0.0","0","0","?","I","19:08","0:00","[kworker/0:23-mm_percpu_wq]"
"root","309521","0.0","0.0","0","0","?","I","19:08","0:00","[kworker/0:24]"
"root","309527","0.0","0.0","0","0","?","I","19:08","0:00","[kworker/3:3-events]"
"root","309528","0.0","0.0","0","0","?","I","19:08","0:00","[kworker/3:4-events]"
"root","309529","0.0","0.0","0","0","?","I","19:08","0:00","[kworker/3:5-events]"
"root","309530","0.0","0.0","0","0","?","I","19:08","0:00","[kworker/3:6-events]"
"root","309531","0.0","0.0","0","0","?","I","19:08","0:00","[kworker/3:7-events]"
"root","309532","0.0","0.0","0","0","?","I","19:08","0:00","[kworker/3:8-events]"
"root","309533","0.0","0.0","0","0","?","I","19:08","0:00","[kworker/3:9-events]"
"root","309534","0.0","0.0","0","0","?","I","19:08","0:00","[kworker/3:10-events]"
"root","309535","0.0","0.0","0","0","?","I","19:08","0:00","[kworker/3:11-events]"
"root","309536","0.0","0.0","0","0","?","I","19:08","0:00","[kworker/3:12-events]"
"root","309537","0.0","0.0","0","0","?","I","19:08","0:00","[kworker/3:13]"
"root","309718","0.0","0.0","0","0","?","I","19:08","0:00","[kworker/7:0]"
"max","309720","0.3","0.2","248352","31172","?","Sl","19:08","0:00","/usr/lib/kf6/kioworker /usr/lib/qt6/plugins/kf6/kio/desktop.so desktop local:/run/user/1000/plasmashellGlkrfT.124.kioworker.socket"
"max","309853","0.0","0.2","268535968","30760","?","S","19:08","0:00","/usr/lib/kf6/kioworker /usr/lib/qt6/plugins/kf6/kio/tags.so tags local:/run/user/1000/dolphinufyFFT.27.kioworker.socket"
"max","309914","0.5","1.3","1201356","197648","?","SNl","19:08","0:00","/usr/lib/kf6/kioworker /usr/lib/qt6/plugins/kf6/kio/thumbnail.so thumbnail local:/run/user/1000/plasmashellBTtNgo.125.kioworker.socket"
"root","309945","0.0","0.0","0","0","?","I","19:08","0:00","[kworker/1:2]"
"root","309946","0.0","0.0","0","0","?","I","19:08","0:00","[kworker/1:3]"
"root","309947","0.0","0.0","0","0","?","I","19:08","0:00","[kworker/4:3-events]"
"root","309948","0.0","0.0","0","0","?","I","19:08","0:00","[kworker/4:4]"
"root","309949","0.0","0.0","0","0","?","I","19:08","0:00","[kworker/6:2]"
"max","309972","0.9","1.3","1201356","197948","?","SNl","19:08","0:00","/usr/lib/kf6/kioworker /usr/lib/qt6/plugins/kf6/kio/thumbnail.so thumbnail local:/run/user/1000/dolphinYDtXWw.28.kioworker.socket"
"max","309995","3.3","1.7","1598364","245636","?","Ssl","19:08","0:00","/usr/bin/konsole --workdir /home/max/Рабочий стол/сборщики"
"max","310016","5.1","0.0","13780","11832","pts/6","Ss","19:08","0:00","/bin/zsh"
"max","310023","0.0","0.0","10492","6212","pts/6","S","19:08","0:00","/bin/zsh"
"max","310033","0.0","0.0","12464","8048","pts/6","S","19:08","0:00","/bin/zsh"
"max","310035","0.0","0.0","12448","7704","pts/6","S","19:08","0:00","/bin/zsh"
"max","310036","0.0","0.0","1121628","5160","pts/6","Sl","19:08","0:00","/usr/share/zsh-theme-powerlevel10k/gitstatus/usrbin/gitstatusd -G v1.5.5 -s -1 -u -1 -d -1 -c -1 -m -1 -v FATAL -t 16"
"root","310098","0.0","0.0","0","0","?","I","19:08","0:00","[kworker/u32:8-flush-259:0]"
"root","310109","0.0","0.0","1235336","13396","?","Sl","19:08","0:00","/usr/bin/containerd-shim-runc-v2 -namespace moby -id aff9691da21e8f8e13df498f1bdbff8d7b6fc694e30ed523a1f8e929ea23fc44 -address /run/containerd/containerd.sock"
"max","310133","0.2","0.0","19100","3204","?","Ss","19:08","0:00","bash /etc/confluent/docker/run"
"root","310173","0.0","0.0","1746596","6192","?","Sl","19:08","0:00","/usr/bin/docker-proxy -proto tcp -host-ip 0.0.0.0 -host-port 9092 -container-ip 172.21.0.4 -container-port 9092 -use-listen-fd"
"root","310180","0.0","0.0","1672608","6264","?","Sl","19:08","0:00","/usr/bin/docker-proxy -proto tcp -host-ip :: -host-port 9092 -container-ip 172.21.0.4 -container-port 9092 -use-listen-fd"
"max","310326","0.0","0.0","19100","3144","?","S","19:08","0:00","bash /etc/confluent/docker/ensure"
"max","310344","3.4","0.3","150056","45852","?","S","19:08","0:00","/usr/bin/python3 /usr/local/bin/cub zk-ready zookeeper:2181 40"
"max","310347","9.2","0.4","6458448","67632","?","Sl","19:08","0:00","java -cp /usr/share/java/cp-base-new/* -Dlog4j.configuration=file:/etc/kafka/log4j.properties io.confluent.admin.utils.cli.ZookeeperReadyCommand zookeeper:2181 40000"
"max","310434","0.2","0.2","268535968","28864","?","S","19:08","0:00","/usr/lib/kf6/kioworker /usr/lib/qt6/plugins/kf6/kio/tags.so tags local:/run/user/1000/kded6yfKSJz.18.kioworker.socket"
"max","310437","0.2","0.2","268535968","29476","?","S","19:08","0:00","/usr/lib/kf6/kioworker /usr/lib/qt6/plugins/kf6/kio/tags.so tags local:/run/user/1000/plasmashellaaBqMk.127.kioworker.socket"
"max","310438","0.2","0.2","268535968","29616","?","S","19:08","0:00","/usr/lib/kf6/kioworker /usr/lib/qt6/plugins/kf6/kio/tags.so tags local:/run/user/1000/plasmashellIYIwXJ.126.kioworker.socket"
"max","310441","0.1","0.2","268535968","30224","?","S","19:08","0:00","/usr/lib/kf6/kioworker /usr/lib/qt6/plugins/kf6/kio/tags.so tags local:/run/user/1000/krunnernNpqsY.16.kioworker.socket"
"max","310442","0.2","0.2","268535968","29620","?","S","19:08","0:00","/usr/lib/kf6/kioworker /usr/lib/qt6/plugins/kf6/kio/tags.so tags local:/run/user/1000/dolphinkTXSFT.24.kioworker.socket"
"max","310445","0.2","0.2","268535968","30288","?","S","19:08","0:00","/usr/lib/kf6/kioworker /usr/lib/qt6/plugins/kf6/kio/tags.so tags local:/run/user/1000/dolphindhnhEM.17.kioworker.socket"
"max","310446","0.2","0.2","268535968","30208","?","S","19:08","0:00","/usr/lib/kf6/kioworker /usr/lib/qt6/plugins/kf6/kio/tags.so tags local:/run/user/1000/dolphinTgqstI.31.kioworker.socket"
"max","310516","6.6","0.0","7816","5744","pts/6","S+","19:08","0:00","/bin/bash ./сформировать отчет.sh"
"max","310600","100","0.0","9996","6424","pts/6","R+","19:08","0:00","ps aux --no-headers"
"max","310601","0.0","0.0","9848","6060","pts/6","S+","19:08","0:00","awk { cmd = ""; for(i=11; i<=NF; i++) cmd = cmd (i>11?" ":"") $i; printf "\"%s\",\"%s\",\"%s\",\"%s\",\"%s\",\"%s\",\"%s\",\"%s\",\"%s\",\"%s\",\"%s\"\n", $1,$2,$3,$4,$5,$6,$7,$8,$9,$10,cmd }"
